,company,answers,partners,tp,fp,precision
0,Ford,"['Changan Automobile Group and Jiangling Motors Group', 'Changan Automobile Group and Jiangling Motors Group', 'national pizza companies to local dry-cleaning businesses', ""Zoyte Automobile Co. last year to churn out inexpensive EVs.\nZoyte is the Dearborn company's third local partner, following Changan Automobile Co. and Jiangling Motor Group"", 'Ford Motor Co. and Volkswagen Group', 'Ford has partnered with Changan Group', 'Ford Motor Co.,', ""Ford Motor Co., Honda R&D Americas, McDonald's, Verizon Telematics, Dana Holding Corp.,"", 'Ford Motor Co. has partnered with Changan Group', 'joint-venture partners', 'Ford will develop midsize pickups and large commercial vans for both companies as early as 2022', 'Lyft', 'Ford Motor and VW are exploring a number of partnerships in commercial vehicles, midsize pickups and potentially autonomous and electric vehicle development', 'Ford will build commercial vans for VW in Europe and midsize pickups in South America, Europe and Africa', 'Volkswagen where both companies will co-develop midsize pickups and vans for overseas production', 'national pizza companies to local dry-cleaning businesses', 'Ford Motor Co. and its Indian partner Mahindra & Mahindra Ltd.', 'Ford Motor Co. and Volkswagen Group on Tuesday said they will collaborate on commercial vans and midsize pickups', 'the two companies will develop three Ford-branded utility vehicles', 'Volkswagen', 'Changan Automobile Group and Jiangling Motors Group', 'Jiangling Motors and Changan Automobile Co', 'Russia and Turkey', 'JMC and Changan Automobile Co', ""Baojun and Nissan Motor Co.'s Venucia"", ""Baojun and Nissan Motor Co.'"", 'companies in emerging technologies', 'other companies and Tier One suppliers', 'daily rental companies', 'Changan and JMC']","['Changan Automobile Co.', 'Ford Motor Co.', 'Volkswagen Group', 'Ford Motor', 'VW', 'Volkswagen', 'Baojun', ""Nissan Motor Co.'s"", 'Venucia', 'Changan']",10,0,1.0
1,Tesla,"['Panasonic, South Korea’s LG Chem and China’s Contemporary Amperex Technology Co.', 'Panasonic Corp. and Denso Corp', 'Panasonic is partnered with Tesla', 'Panasonic', 'Panasonic Corp. and Denso Corp.,', 'investment bank Evercore Partners Inc.', 'Tesla Motor Inc. and Apple Inc. would make logical partners', 'Toyota', 'traditional automakers, large suppliers and Silicon Valley companies', 'LeEco and NextEV', 'Panasonic and LG Chem', 'Tesla has partnerships with Toyota and Panasonic', 'German premium automakers', 'Tesla and Panasonic', 'global automakers', 'Tesla Motors Inc. is providing charging stations to Airbnb Inc. hosts on the West Coast as part of a partnership with the home-sharing startup', 'Panasonic Corp., the Japanese battery manufacturer that is teamed with Tesla', 'Sunrun', 'They jointly own and operate the Gigafactory in Sparks, Nev., which produces batteries for Tesla vehicles', 'Panasonic and Tesla', 'Panasonic Corp. and Denso Corp', 'Nvidia and Intel', 'state-owned FAW Group and SAIC Motor', 'Panasonic and other suppliers', 'Panasonic Corp. and Denso Corp.,', 'state-owned FAW Group and SAIC Motor', 'companies in emerging technologies', 'Panasonic and LG Chem', 'Apple or Google', 'automakers']","['Contemporary Amperex Technology Co.', 'LG Chem', 'Panasonic', 'Panasonic Corp.', 'Denso Corp.', 'Apple Inc.', 'Toyota', 'Intel', 'Nvidia', 'FAW Group', 'SAIC Motor', 'Apple', 'Google']",6,7,0.46153846153846156
2,GM,"['Glympse and iHeartRadio', 'ExxonMobil and MasterCard', 'ride-hailing companies Uber and Lyft', 'Honda', 'Chongqing Changan Automobile Co. and Jiangling Motors Corp', 'SAIC, GM and Guangxi Automobile Group Co', 'GM China, SAIC Motor Corp. and Wuling Motors', 'Changan Automobile Co. and Jiangling Motor Group', 'joint venture partners', 'GM and Guangxi Automobile Group Co.,', '$2.3 billion joint venture with LG Chem in Ohio', ""GM will help develop two new electric vehicles for Honda that will be powered by GM's upcoming Ultium batteries"", 'hydrogen fuel cell development and autonomous driving', 'Honda', 'Lyft', 'Honda', 'Ford Motor Co. and an investment unit of Google', 'Waymo has teamed up with Tata Motors Ltd.’s Jaguar and expanded its alliance with Fiat Chrysler Automobiles NV this year', 'Amazon', 'SAIC-GM-Wuling, in the southwest China city of Liuzhou, is a 50.1-44.0-5.9 partnership among SAIC, GM and Guangxi Automobile Group Co', 'Greensill, which provides working capital finance for businesses globally, and financial technology company C2FO', 'ExxonMobil and MasterCard', 'Ford is working with London-based Greensill, which provides working capital finance for businesses globally, and financial technology company C2FO', 'McCann and Commonwealth', 'automakers and suppliers', 'Lyft and Uber drivers', ""Omnicom's Goodby Silverstein & Partners and Interpublic Group of Cos McCann to handle Chevrolet"", 'automakers, suppliers and other local businesses', 'companies in emerging technologies', 'dealers']","['Honda', 'Chongqing Changan Automobile Co.', 'SAIC', 'SAIC Motor Corp.', 'Changan Automobile Co.', 'LG Chem', 'Ultium', 'Ford Motor Co.', 'Google', 'Fiat Chrysler Automobiles NV', 'Jaguar', 'Waymo', 'Amazon', 'Ford', 'Chevrolet', 'Omnicom']",8,8,0.5
3,Toyota,"['Amazon, Didi Chuxing, Pizza Hut, Uber and Mazda', 'Guangzhou Automobile Group and FAW Group', 'Guangzhou Automobile Group and FAW Group', 'Mazda Motor Corp. and Yamaha Motor Co', 'Guangzhou Automobile Group (GAC) and FAW Group', 'Uber and Didi', 'Guangzhou Automobile Group and FAW Group', 'Guangzhou Automobile Group and FAW Group', 'Beijing SinoHytec Co., Dongfeng Motor Corp. and Guangzhou Automobile Group Co.,', 'Guangzhou Auto and China FAW', 'Toyota Motor Corp. is forming a three-way partnership with Mazda Motor Corp. and parts supplier Denso Corp. to develop EVs and their batteries', 'Mazda Motor Corp. and Subaru maker Fuji Heavy Industries', 'U.S. Ski and Snowboard Association', 'Suzuki', 'Panasonic', 'Chinese autonomous driving startup Momenta', 'both companies will jointly develop small cars for emerging markets', 'Panasonic', 'Uber', 'Toyota is also collaborating with U.S. car-sharing company Getaround', 'Amazon, Didi Chuxing, Pizza Hut, Uber and Mazda', 'Mazda Motor Corp. and Yamaha Motor Co', 'Amazon Inc. and Apple Inc.', 'Mazda and Subaru', 'companies in emerging technologies', 'Panasonic', 'Guangzhou Automobile Group', 'Subaru', 'Volkswagen Group, PSA Peugeot Citroen and Mitsubishi', 'rival automakers and technology firms']","['Amazon', 'Mazda', 'Uber', 'FAW Group', 'Guangzhou Automobile Group', 'Mazda Motor Corp.', 'GAC', 'Dongfeng Motor Corp.', 'Guangzhou Automobile Group Co.', 'Denso Corp.', 'EVs', 'Toyota Motor Corp.', 'Fuji Heavy Industries', 'Subaru', 'Suzuki', 'Panasonic', 'Apple Inc.', 'Mitsubishi', 'PSA', 'Peugeot', 'Volkswagen Group']",13,8,0.6190476190476191
4,Nissan,"['Renault\xa0and Mitsubishi Motors', 'Renault and Mitsubishi', 'Renault SA and Mitsubishi Motors', 'Nissan-Renault-Mitsubishi', 'The two companies operated amiably as strategic partners', 'Nissan and Mitsubishi', 'Nissan Motor Co. and Mitsubishi Motors Corp.,', 'Renault, Nissan and Mitsubishi', 'French and Japanese', 'Nissan, Renault, and Mitsubishi', 'Renault, Nissan and Mitsubishi', 'Mitsubishi Motors', 'Microsoft', 'Renault, Nissan and Mitsubishi', 'both companies have repeatedly said they are committed to the partnership', 'Mitsubishi, Nissan and Renault', 'Renault-Nissan', 'Nissan, Renault and the third partner', 'Mitsubishi', 'Renault and the third partner, Mitsubishi Motors Corp.,', 'Renault and Mitsubishi', 'Renault and Mitsubishi', 'Renault and Mitsubishi', 'Mitsubishi Motors Corp.', 'Mitsubishi, Nissan and Renault', 'Renault and Nissan', 'Renault-Nissan-Mitsubishi', 'Renault and Nissan', 'Mitsubishi Motors Corp', 'Renault']","['Mitsubishi Motors', 'Renault', 'Mitsubishi', 'Renault SA', 'Mitsubishi Motors Corp.', 'Nissan Motor Co.', 'Microsoft']",7,0,1.0
5,BMW,"['BMW and Daimler', 'BMW AG, for example, has partnered with Intel Corp., Delphi Automotive and Fiat Chrysler Automobiles', 'Partners also include planemaker Airbus Group NV, engineering company Siemens AG and SGL Carbon SE', 'consortium with German rivals Audi and Daimler', 'technology companies or automakers', 'Israeli autonomous vehicle tech company Mobileye and chip maker Intel', 'BMW and Audi AG', 'Ford Motor Co. and Dow Chemical Co', 'Intel', 'open for any partners', 'Fiat Chrysler Automobiles, Intel, Mobileye, Delphi and Continental', 'It has formed a partnership with Fiat Chrysler Automobiles, Intel, Mobileye, Delphi and Continental', ""BMW Group has announced an alliance with chipmaker Intel and Israel's Mobileye"", 'Intel and Mobileye', 'Israeli collision detection software maker Mobileye and U.S. chipmaker Intel', 'BMW and Daimler have entered into a long-term development partnership', ""Daimler's growing partnership with premium rival BMW, the magazine said.\nThe partnership started in April 2010, with Daimler taking a 3.1 percent share in both Renault and Nissan"", 'Daimler, BMW, and Audi', 'Apple and Google', 'Suppliers are teaming up with each other and with automakers to reach technical goals', 'Audi and Daimler', 'technology companies or automakers', 'Fiat Chrysler Automobiles, as well as Intel and Mobileye', 'BMW and Daimler', 'Apple and Google', 'BMW, Mercedes-Benz and Audi', 'BMW and Daimler', 'BMW North America, Mini USA and Rolls-Royce North America', 'Intel', 'Ford or Toyota']","['Daimler', 'BMW AG', 'Delphi Automotive', 'Fiat Chrysler Automobiles', 'Intel Corp.', 'Audi', 'Intel', 'Audi AG', 'Ford Motor Co.', 'Continental', 'Delphi', 'BMW Group', 'Nissan', 'Renault', 'Apple', 'Google', 'Mercedes-Benz', 'Ford', 'Toyota']",11,8,0.5789473684210527
6,VW,"[""two of China's largest automakers, SAIC and FAW"", 'SAIC and FAW', 'state-owned FAW Group and SAIC Motor', 'joint ventures with state-owned FAW Group and SAIC Motor', ""VW's venture with Anhui Jianghuai Automobile Group"", ""two of China's largest automakers, SAIC Motor and FAW Car"", 'VW’s venture with Anhui Jianghuai Automobile Group', 'VW, Daimler and GM', 'VW, Daimler and GM', 'battery specialists and green technology firms such as SMA Solar', 'Ford will develop midsize pickups and large commercial vans for both companies as early as 2022', 'VW also signed deals with its Chinese partners in the presence of the Chinese premier and his German counterpart', 'Jianghuai Automobile Co', 'Ford and Volkswagen', 'joint ventures', 'VW has entered into a digital partnership with the Singularity Partnership', 'two companies at eye level that will closely cooperate with one another', 'VW will set up the battery facility in Salzgitter, Lower Saxony, under a partnership', ""Ford's partnership with VW"", 'independent, equal partners', 'SAIC Motor and FAW Car', ""two of China's largest automakers, SAIC Motor and FAW Car"", 'Shanghai Automotive and FAW', ""Hyundai Motor Co. and China's Byton"", 'Chinese joint ventures', 'battery specialists and green technology firms such as SMA Solar', 'Daimler and Tesla', 'Venables, Bell & Partners', 'battery specialists and green technology firms', 'Volkswagen AG and Ford Motor Co.']","['FAW', 'SAIC', 'FAW Group', 'SAIC Motor', 'Daimler', 'GM', 'Ford', 'Volkswagen', 'Byton', 'Hyundai Motor Co.', 'Tesla', 'Ford Motor Co.', 'Volkswagen AG']",7,6,0.5384615384615384
7,EV,"['VW Group, Ford Motor Co. and BMW Group', ""VW's venture with Anhui Jianghuai Automobile Group"", 'Hyundai, Jaguar, Land Rover, Nissan, Mahindra, Polestar', 'VW, Daimler and GM', 'Toyota Motor Corp., Honda Motor Co., Mitsubishi Motors Corp. and Fiat Chrysler Automobiles', 'joint Chinese venture partners, SAIC and First Automotive Works (FAW),', 'SAIC and First Automotive Works (FAW),', 'Guangzhou Automobile Group (GAC) and FAW Group', 'BMW, Daimler, Volkswagen and Ford', 'ChargePoint, EVgo and Electrify America', 'Tesla Motors Inc., General Motors, Ford Motor Co., Nissan Motor Co., BMW AG, Daimler AG, Duke Energy Corp. and Consolidated Edison Inc.', 'Hyundai, Jaguar, Land Rover, Nissan, Mahindra, Polestar', 'Toyota and Panasonic', ""General Motors and EVgo have partnered to triple the size of EVgo's U.S. fast charging network"", 'Jianghuai and Zotye', 'China FAW Group Corp. and SAIC Motor Corp', 'foreign automakers must create an electric vehicle joint venture with a separate local partner', 'Daimler', 'Suppliers are teaming up with each other and with automakers to reach technical goals', 'auto manufacturers and EV battery makers', 'Renault and Mitsubishi', 'national pizza companies to local dry-cleaning businesses', 'automakers, suppliers and other local businesses', 'Peiker, Mobileye, Safran', 'Ford and Waymo', 'companies in emerging technologies', 'Three state-owned automakers', 'Ford Motor Co., Honda R&D Americas, McDonald’s, Verizon Telematics, suppliers Dana Holding Corp., Magna International, and Munich Reinsurance America Inc', 'Uber or car rental agencies', 'Bessemer Venture Partners, Avis Budget Group and Alliance Ventures']","['BMW Group', 'Ford Motor Co.', 'VW Group', 'VW', 'Hyundai', 'Jaguar', 'Land Rover', 'Mahindra', 'Nissan', 'Daimler', 'GM', 'Fiat Chrysler Automobiles', 'Honda Motor Co.', 'Mitsubishi Motors Corp.', 'Toyota Motor Corp.', 'FAW', 'SAIC', 'FAW Group', 'GAC', 'Guangzhou Automobile Group', 'BMW', 'Ford', 'Volkswagen', 'ChargePoint', 'EVgo', 'BMW AG', 'Daimler AG', 'General Motors', 'Nissan Motor Co.', 'Panasonic', 'Toyota', 'China FAW Group Corp.', 'Mitsubishi', 'Renault', 'Magna International', 'Alliance Ventures']",4,32,0.1111111111111111
8,Automotive News,"['traditional automakers, large suppliers and Silicon Valley companies', 'Advertising Age', 'Cox Automotive', 'Foreign auto manufacturers now must have Chinese partners', 'Dentsu Aegis Network, Cheil Worldwide, WPP, Omnicom, Publicis and MDC Partners', 'Suzuki and PSA', 'PSA and Suzuki', 'Geely and Volvo', 'Zhejiang Geely Holding Group Co. and Volvo Car Corp.,', 'foreign automakers and their suppliers', 'Suppliers are teaming up with each other and with automakers to reach technical goals', 'Ford Motor Credit Co. announced a partnership with AutoFi', 'rival cities and states to work together to recruit auto industry investment', ""Volkswagen and Amazon Web Services' cloud-computing partnership developed a digital industrial cloud automotive platform for VW"", 'Waymo and FCA', 'three automakers were awarded Innovation Partnership Awards', ""Ford's partnership with VW"", 'Chase and AutoFi', 'state-owned company has considerable experience working with Volkswagen', 'fintech companies', 'Peiker, Mobileye, Safran', 'automobile dealers, credit unions, financial services companies, recreational dealers', 'Amazon or like Google', ""Ford Motor Co., Honda R&D Americas, McDonald's, Verizon Telematics, Dana Holding Corp.,"", 'Peiker, Mobileye, Safran', 'large suppliers and Silicon Valley companies', 'Ford Motor Co., Honda R&D Americas, McDonald’s, Verizon Telematics, suppliers Dana Holding Corp., Magna International, and Munich Reinsurance America Inc.', 'Uber or car rental agencies', 'ride-share operations to technology companies', 'Morgan Stanley and Goldman Sachs Group Inc.,']","['Cox Automotive', 'Omnicom', 'WPP', 'PSA', 'Suzuki', 'Geely', 'Volvo', 'Volvo Car Corp.', 'Zhejiang Geely Holding Group Co.', 'Ford Motor Credit Co.', 'VW', 'Volkswagen', 'FCA', 'Waymo', 'Ford', 'Chase', 'fintech', 'Amazon', 'Google', 'Ford Motor Co.', 'Magna International', 'Goldman Sachs Group Inc.', 'Morgan Stanley']",0,23,0.0
9,Trump,"['China and Europe', ""Canada's and Mexico"", 'Mexico and Canada', 'Canada and Mexico', 'U.S., Mexico and Canada', 'Michigan and Ohio', 'Canada and Mexico', 'the European Union, Japan and India', 'Volkswagen Group, BMW and Daimler', 'U.S. business interests and foreign trading partners', 'Ventec Life Systems Inc.,', 'business leaders from defense, technology and other sectors', 'auto industry and suppliers', 'big three automakers', 'Ford Motor Co. and Tesla Motors Inc.,', 'Detroit 3 automakers', 'Ford, along with General Motors, General Electric, Fiat Chrysler', 'GM, Barra and Ford Motor Co.', 'GM and Ventec', 'GM and Ford', 'Volkswagen, BMW and Daimler', 'automakers', 'global manufacturers such as Harley-Davidson to small tech startups', 'Patomak Global Partners', 'EU, Japan and other trading partners', 'EU, Japan', 'The United States', '3 automakers and global automakers with U.S. operations', 'U.S. trading partners', 'Canada, Mexico and the European Union']","['the European Union', 'BMW', 'Daimler', 'Volkswagen Group', 'Ford Motor Co.', 'Fiat', 'Ford', 'General Motors', 'Barra', 'GM', 'Volkswagen', 'Harley-Davidson', 'EU']",0,13,0.0
10,Honda,"['Keihin, Showa and Nissin Kogyo with Hitachi Automotive Systems', 'Honda, Nissan and BMW', 'Dongfeng', 'all state-owned companies', 'Honda and Waymo', 'Changan Automobile Co. and Jiangling Motor Group', 'Worthington Industries, Autotool Inc. and Stanley Electric', 'Other tech companies also are less-than-ideal potential partners', 'Keihin, Showa and Nissin', 'Changan Automobile Co. and Beijing Automotive', 'hydrogen fuel cell development and autonomous driving', 'Honda and Isuzu', 'GM will help develop two new electric vehicles for Honda', ""GM's partnership with Honda, combined with the components it already has in production for its electrified vehicles"", 'Waymo/Honda', 'Isuzu', 'Hyundai, Toyota, Daimler, Nissan-Renault', 'Honda has partnered with General Motors to develop two new EVs', 'Honda and Waymo', 'the two will jointly develop EV batteries', 'GM, FedEx Corp., AK Steel Holding Corp. and Kroger Co.,', 'Fiat Chrysler, Jaguar Land Rover and AutoNation', 'local Chinese automaker partners', 'companies in emerging technologies', 'Silicon Valley-based Drivemode Inc.,', 'suppliers and technology startups', 'outside companies', 'academic labs, consortiums, tech companies', 'local joint ventures', 'American customers and U.S. dealers']","['BMW', 'Nissan', 'Waymo', 'Changan Automobile Co.', 'Isuzu', 'GM', 'Daimler', 'Hyundai', 'Toyota', 'General Motors', 'EV', 'AutoNation', 'Fiat Chrysler', 'Jaguar Land Rover']",4,10,0.2857142857142857
11,Hyundai,"['Hyundai Motor Co. and Kia Motors Corp.', 'Samsung Electronics and LG Electronics', 'tech upstarts and Silicon Valley giants', 'BMW and Daimler', 'European Union and Germany', 'if Hyundai partners with a new player', 'BMW Group and Daimler', 'Hyundai Motor Co. and Kia Motors Corp.', 'Hyundai, Kia and Genesis', 'Canada and Mexico', 'BAIC Motor Group Co', '50-50 partnership between Hyundai and a private Chinese truck maker', 'Pony.ai, a self-driving startup, and mobility service provider Via', 'Dongfeng Motor Corp. and Jiangsu Yueda Investment Co.', 'it has invested or partnered with eight Israeli companies', 'AutoGravity has joined with more than 20 auto lenders', ""Hyundai's deal with Aurora will start with custom-developed models launched in pilot cities.\nLong term, the partnership with Hyundai aims to commercialize autonomous vehicles for the brand"", 'Hyundai will start EV pilot projects with Grab in Singapore next year', ""Beijing Hyundai is Hyundai's joint venture with BAIC Motor Group Co"", 'Fiat Chrysler Automobiles', 'companies in emerging technologies', 'Genesis and Kia', 'affiliates', 'CDK Global and Dealer.com', 'Toyota, Honda and Nissan', 'Chinese technology company Tencent Holdings', 'General Motors, Honda, Nissan and Toyota', 'local joint-venture partners', 'Volkswagen, Hyundai and Nvidia', 'startups, ventures that are already established']","['Hyundai Motor Co.', 'Kia Motors Corp.', 'BMW', 'Daimler', 'European Union', 'BMW Group', 'Kia', 'Pony.ai', 'Dongfeng Motor Corp.', 'AutoGravity', 'Aurora', 'EV', 'Fiat', 'CDK Global', 'Honda', 'Nissan', 'Toyota', 'Tencent Holdings', 'General Motors', 'Nvidia', 'Volkswagen']",8,13,0.38095238095238093
12,Audi,"['Venables, Bell & Partners', 'Tesla Motor Inc. and Apple Inc.', 'Iran Khodro Diesel and Mammut Group', 'Venables Bell & Partners', 'FAW and Volkswagen', ""Volkswagen Group's Audi and Porsche brands will be part of the joint venture"", 'nables Bell & Partners', 'automakers and local mobile operators', 'Audi, Daimler and BMW', 'Verizon and AT&T', 'a 60-30-10 partnership among FAW, VW and Audi', 'VW and SAIC', 'VW and Ford Motor Co.', 'AutoGravity, the FinTech pioneer transforming car shopping and financing through the power of the smartphone, today announced a partnership with Audi Financial Services', 'two 2018 Innovation Partnership awards went to Audi AG and General Motors', 'Jianghuai Automobile Co', 'two 2018 Innovation Partnership awards went to Audi AG and General Motors for technology advances they achieved by collaborating with suppliers', ""Daimler, BMW and Volkswagen's"", 'Hyundai', 'Audi was awarded for its partnership with Continental on a safety domain control unit that combines passive and active safety management in a single controller', 'Brazil and Argentina', 'FAW-VW', 'automakers and local mobile operators', 'Venables Bell & Partners', 'BMW, Jeep and Mercedes-Benz', 'parent VW Group and state-owned FAW Group', 'Iran Khodro Diesel and Mammut Group', 'companies in emerging technologies', 'Apple and Google', 'Toyota,']","['Apple Inc.', 'FAW', 'Volkswagen', 'Porsche', ""Volkswagen Group's"", 'BMW', 'Daimler', 'AT&T', 'VW', 'SAIC', 'Ford Motor Co.', 'AutoGravity', 'Audi AG', 'General Motors', 'Hyundai', 'Continental', 'Jeep', 'Mercedes-Benz', 'FAW Group', 'VW Group', 'Apple', 'Google', 'Toyota']",14,9,0.6086956521739131
13,FCA,"['Auto suppliers Delphi and Continental', 'Nissan and Mitsubishi', 'Guangzhou Automobile Group', 'Nissan and Mitsubishi', 'Renault', 'Nissan and its affiliate Mitsubishi', ""South Korea's Samsung Electronics"", 'Peugeot', '220 corporate partners and 300 venture capital partners', 'Renault and Nissan', 'The two companies already have a partnership that enables FCA to manufacture cars in China', 'Suzuki, Mazda and Hyundai', 'Toyota Motor Corp., Honda Motor Co. and Mitsubishi Motors Corp', ""Renault's existing alliance with Nissan and Mitsubishi Motors Corp"", 'Guangzhou Automobile Group Co.,', 'The two companies already have a partnership that enables FCA to manufacture cars in China', 'FCA and Renault were discussing a partnership', ""South Korea's Samsung Electronics"", 'Waymo and FCA', 'Waymo', 'Mazda and Hyundai', 'Nissan and Mitsubishi', 'Comau and castings firm Teksid', 'Suzuki, Mazda and Hyundai', '220 corporate partners and 300 venture capital partners', 'Nissan and its affiliate Mitsubishi', 'Renault, Nissan and Mitsubishi', 'Nissan and Mitsubishi Motors, is promising that the Japanese automakers will derive big benefits from his proposed tie-up of FCA with their French partner Renault', 'Chinese firms and other international automotive players', 'Nissan and Mitsubishi Motors Corp']","['Continental', 'Delphi', 'Mitsubishi', 'Nissan', 'Guangzhou Automobile Group', 'Renault', 'Peugeot', 'Hyundai', 'Mazda', 'Suzuki', 'Honda Motor Co.', 'Toyota Motor Corp.', 'Guangzhou Automobile Group Co.', 'Waymo', 'Mitsubishi Motors']",3,12,0.2
14,F&I,"['F&I Express® and F&I Administration Solutions LLC (F&I Admin)', 'more than 5,300 dealership partners', 'automotive lenders and finance companies', 'auto dealership groups and F&I insurance companies', 'insurance companies', 'lender partners', 'original equipment manufacturers and other strategic partners to auto dealerships, lenders and credit unions', 'endorsed by several top F&I product companies, agencies, and OEMs', 'StoneEagle', 'Established F&I companies', 'RouteOne and Open Dealer Exchange', 'cAssured and DealerVero', 'Audi Finance, Volkswagen Finance', 'F&I product and software companies are responding to the shift by partnering up, some of them to provide consumer-facing content', 'Most dealerships work with F&I companies, such as JM&A, to improve their F&I operations', 'Most dealerships work with F&I companies', ""Dominion DMS and Dealertrack DMS executives said the companies will integrate with dealerships' preferred vendors"", 'Darwin Automotive', 'F&I product companies can help furnish the information they believe will help dealers sell products most effectively', ""F&I Express is part of Reynolds' certified interface program"", 'RouteOne, ScotiaBank, and CarProof', 'automotive lenders and finance companies', 'franchised auto dealers', 'Darwin Automotive', 'more than 5,300 dealership partners', 'insurance companies', 'automobile dealers, credit unions, financial services companies, recreational dealers', 'Ally Financial, American Honda Finance and Fifth Third Bank', 'Established', 'third-party F&I providers']","['F&I Express', 'Open Dealer Exchange', 'RouteOne', 'JM&A', 'Darwin Automotive', 'Reynolds', 'Ally Financial']",4,3,0.5714285714285714
15,Daimler,"['Daimler currently has two partners in Russia', 'Daimler already has two Chinese partners', ""Volkswagen Group's Audi and Porsche brands will be part of the joint venture"", ""Daimler's long-standing Chinese joint venture partner, the state-owned Beijing manufacturer BAIC"", 'Daimler, Intel and Geely', 'technology companies or automakers', 'Intel and Geely', 'BMW, Audi', 'Daimler AG and Nissan Motor Corp.', 'Daimler, Renault\xa0 and Nissan Motor', 'Volvo Cars', 'Daimler-Renault-Nissan', 'Daimler and Chinese tech giant Baidu', 'Renault-Nissan-Daimler', 'in partnership with chipmaker Qualcomm', 'BMW', 'Daimler taking a 3.1 percent share in both Renault and Nissan', 'Renault-Nissan', 'Daimler and Renault-Nissan', ""Daimler's growing partnership with premium rival BMW"", 'BAIC Motor Group Co. and BYD Co', 'BAIC or BYD', 'Amazon.com and Microsoft', 'BAIC and BYD', 'Daimler and Hyundai Motor Co', 'Daimler and BMW', 'BMW', 'BMW and Daimler', 'Renault-Nissan alliance', 'BAIC and Geely']","['Audi', 'Porsche', ""Volkswagen Group's"", 'BAIC', 'Geely', 'Intel', 'BMW', 'Daimler AG', 'Nissan Motor', 'Renault', 'Volvo', 'Baidu', 'Qualcomm', 'Nissan', 'BAIC Motor Group Co.', 'Microsoft']",13,3,0.8125
16,Volkswagen,"['SAIC and First Automotive Works (FAW),', 'SAIC Motor Corp. and China FAW Group', 'Volkswagen Group has joint ventures with\xa0Shanghai Automotive Industrial Corporation (SAIC) and\xa0First Automotive Work (FAW) Group', ""VW's venture with Anhui Jianghuai Automobile Group"", '60-40', 'SAIC Motor Corp.,', 'VW’s venture with Anhui Jianghuai Automobile Group', 'Volkswagen and long-standing carmaker partner China FAW Group Co.', ""China's Jianghuai Automobile Co"", 'China FAW Group Corp. and VW', 'Ford Motor and VW are exploring a number of partnerships in commercial vehicles, midsize pickups and potentially autonomous and electric vehicle development', '60-40', 'The two companies have a joint venture to produce cars for the VW and Audi brands', 'Jianghuai Automobile Co. and VW', 'Volkswagen Truck & Bus is a division of VW', 'Volkswagen and Amazon Web Services', 'Volkswagen AG is in talks to form a joint venture with China’s Didi Chuxing', 'Mobvoi Inc.,', 'The partnership in which VW is seeking to raise its share to more than 50 percent is the one established with Jianghuai Automobile Co', ""Ford Motor Co. and Volkswagen Group eventually could include a vehicle program in the U.S., said Jim Farley, Ford's president of global markets.\nThe two sides on Tuesday announced a broad partnership under which Ford will build commercial vans for VW in Europe and midsize pickups in South America, Europe and Africa"", 'Audi, Porsche and Bentley', ""Volkswagen Group's and SAIC Motor"", 'SAIC Motor Corp.,', 'Ford, Lincoln', 'China FAW Group Co.', ""Volkswagen Group's and SAIC Motor Corp.'"", 'Toyota and GM', 'FAW Group', 'companies in emerging technologies', 'Renault-Nissan Alliance nor FCA']","['FAW', 'SAIC', 'China FAW Group', 'SAIC Motor Corp.', 'Volkswagen Group', 'VW', 'China FAW Group Corp.', 'Ford Motor', 'Audi', 'Jianghuai Automobile Co.', 'Volkswagen AG', 'Ford', 'Ford Motor Co.', 'Bentley', 'Porsche', 'SAIC Motor', ""Volkswagen Group's"", 'Lincoln', 'GM', 'Toyota', 'FAW Group', 'FCA']",14,8,0.6363636363636364
17,Volvo,"['Uber, Google and Amazon', 'We are selecting partners', 'Uber and Google', 'Autoliv', 'Geely and Volvo', 'Not everybody has such a partner as Volvo', 'JM&A Group', 'Zhejiang Geely Holding Group', 'Lynk & CO, which it jointly owns with parent Zhejiang Geely Holding Group', 'Baidu', 'Autoliv', 'Uber, Google and Amazon', 'VW is nearing a deal to cooperate with Ford on electric car technology and self-driving vehicles', 'Volvo is able to offer a set insurance rate to customers of all profiles across the U.S. through a partnership with Liberty Mutual', ""Nvidia is joining forces with Sweden's AB Volvo to develop artificial intelligence used in self-driving trucks, in a boost for the U.S. chipmaker that parted ways with Tesla last year.\nThe agreement announced on Tuesday by Nvidia and Volvo, the world's second-biggest truckmaker after Daimler, is a long-term partnership spanning several years"", 'Liberty Mutual', 'open to working with other ride-hailing companies', 'POC have worked together on product testing since 2014', 'Hyundai Motor Co. inked a partnership with the startup to co-develop connected services surrounding medical information', 'ABB and Volvo said they were setting up a global partnership to co-develop and commercialize electric and hybrid buses with fast-charging systems', 'Geely and Lynk & CO', 'Uber, Google and Amazon', 'Volvo, Geely Auto and Lynk & CO', 'companies in emerging technologies', 'MDGo and UVeye', 'retailers', 'BMW, Audi and Mercedes', 'Zhejiang Geely Holding Group', 'Volvo, Geely Auto and Lynk & CO', 'Zhejiang Geely Holding']","['Amazon', 'Google', 'Geely', 'JM&A Group', 'Zhejiang Geely Holding Group', 'Lynk & CO', 'Ford', 'VW', 'AB Volvo', 'Daimler', 'Nvidia', 'Tesla', 'Hyundai Motor Co.', 'ABB', 'Audi', 'BMW', 'Mercedes', 'Zhejiang Geely Holding']",10,8,0.5555555555555556
18,Porsche,"['ChargePoint, EVgo and Electrify America', 'ChargePoint, EVgo and Electrify America', 'Daimler, Volvo owner Geely and Italdesign', 'Porsche Digital and Turo', 'three partners at law firm Freshfields Bruck', ""VW's two Chinese joint venture partners, FAW Group Corp. and SAIC Motor Corp.,"", ""Volkswagen Group's Audi and Porsche brands will be part of the joint venture"", 'Italdesign, Audi and Porsche are all Volkswagen Group companies', ""Porsche's former communications head, Anton Hunger, and three partners at law firm Freshfields Bruckhaus Deringer LLP"", 'Porsche did not need to team up with any big technology companies', 'Apple is partnering with Porsche to bring Apple Music’s streaming service', 'Porsche, Audi, BMW', 'part of the VW group', 'Porsche has partnered with Apple', 'Porsche, Hyundai, Aston Martin, Koenigsegg, Renault and Pininfarina', 'Boeing, Porsche and Aurora Flight Sciences', 'Electrify America', 'The arrangement gives Gaudin access to the 1.5-mile track for two to four on-demand laps with high-value clientele who are on the fence about a Porsche or undecided between models', 'Porsche-Boeing', 'Boxster or Cayman', 'Volkswagen Group', 'the EU and the U.S.', 'Porsche and Piech families', 'tech companies', 'Bentley, Bugatti and Lamborghini', 'Ferrari and Maserati', ""Israel's Magma and e-Ventures"", 'Haig Partners and Kerrigan Advisors', 'BMW, Mercedes, Audi', 'consumer-goods manufacturers']","['ChargePoint', 'EVgo', 'Daimler', 'Italdesign', 'Volvo', 'SAIC Motor Corp.', 'VW', 'Audi', ""Volkswagen Group's"", 'Volkswagen Group', 'Apple', 'BMW', 'Hyundai', 'Koenigsegg', 'Pininfarina', 'Renault', 'Boeing', 'Boxster', 'EU', 'Piech', 'Bentley', 'Bugatti', 'Lamborghini', 'Ferrari', 'Maserati', 'Haig Partners', 'Kerrigan', 'Mercedes']",13,15,0.4642857142857143
19,General Motors,"['SAIC, GM and Guangxi Automobile Group Co.,', 'Shanghai Auto', 'Changan Automobile Co. and Jiangling Motor Group', 'Nissan Motor Co. and Mitsubishi Motors Corp.,', 'SAIC, GM and Guangxi Automobile Group Co', 'nda', 'General Motors Co., which is a major Lyft investor and partner', 'foreign companies often prop up their domestic partners', 'GM and tire supplier Michelin', 'General Motors and Daimler', 'The automaker announced this week it is building an electric pickup for EV startup Nikola as part of a new partnership', 'nda has an existing relationship with General Motors', 'General Motors and Honda Motor Co', 'General Motors has brought closed sales back to Manheim', 'Lyft', 'Shape Corp.', 'two 2018 Innovation Partnership Awards went to Audi AG and General Motors for technology advances achieved by working with suppliers', 'General Motors, which holds approximately a 9 percent stake in the ride-hailing company, previously had a similar partnership', 'Delphi Automotive and Mobileye NV', 'Waymo has teamed up with Tata Motors Ltd.’s Jaguar and expanded its alliance with Fiat Chrysler Automobiles NV this year', 'floorplan financing lenders, auction companies, warranty companies', 'Tesla', 'China joint ventures', 'GM and Ford', 'Automakers and suppliers', 'PSA Group', 'Nissan', 'Warner Norcross & Judd', 'ride-share operations to technology companies', 'Ford Motor Co.']","['GM', 'SAIC', 'Changan Automobile Co.', 'Mitsubishi Motors Corp.', 'Nissan Motor Co.', 'General Motors Co.', 'Lyft', 'Michelin', 'Daimler', 'EV', 'Nikola', 'Audi AG', 'Delphi Automotive', 'Fiat Chrysler Automobiles NV', 'Jaguar', 'Waymo', 'Tesla', 'Ford', 'PSA Group', 'Nissan', 'Ford Motor Co.']",7,14,0.3333333333333333
